<?xml version="1.0" encoding="UTF-8"?>


<beans xmlns="http://www.springframework.org/schema/beans"
	xmlns:xsi="http://www.w3.org/2001/XMLSchema-instance"
	xmlns:aop="http://www.springframework.org/schema/aop"
	xmlns:context="http://www.springframework.org/schema/context"
	xsi:schemaLocation="http://www.springframework.org/schema/beans 
    http://www.springframework.org/schema/beans/spring-beans-4.0.xsd
    http://www.springframework.org/schema/context
    http://www.springframework.org/schema/context/spring-context.xsd">
    
    
 <!--    <bean class="com.ibm.kajal.AnnotationEngineer" id="anEngineer"></bean>   -->
   
    <bean class="com.ibm.kajal.Address" id="address">
    	<property name="location" value="Vadodara"></property>
    	<property name="pincode" value="543241"></property>
    </bean>
    
 <!--    <bean class="com.ibm.kajal.Address" id="secondAddress">
    	<property name="location" value="Nagpur"></property>
    	<property name="pincode" value="346241"></property>
    </bean>  -->
   
    <!-- For Spring to understand annotations -->
    <context:annotation-config />
    
    <!-- For @Components to be scannable-->
    <context:component-scan base-package="com.ibm.kajal"></context:component-scan>
    
</beans>